,City,State or union territory,Population (2011)
0,Mumbai,Maharashtra,12442373
1,Delhi,Delhi,11034555
2,Bangalore,Karnataka,8443675
3,Hyderabad,Telangana,6993262
4,Ahmedabad,Gujarat,5577940
5,Chennai,Tamil Nadu,4646732
6,Kolkata,West Bengal,4496694
7,Surat,Gujarat,4467797
8,Pune,Maharashtra,3124458
9,Jaipur,Rajasthan,3046163
10,Lucknow,Uttar Pradesh,2817105
11,Kanpur,Uttar Pradesh,2765348
12,Nagpur,Maharashtra,2405665
13,Indore,Madhya Pradesh,1964086
14,Thane,Maharashtra,1841488
15,Bhopal,Madhya Pradesh,1798218
16,Visakhapatnam,Andhra Pradesh,1728128
17,Pimpri-Chinchwad,Maharashtra,1727692
18,Patna,Bihar,1684222
19,Vadodara,Gujarat,1670806
20,Ghaziabad,Uttar Pradesh,1648643
21,Ludhiana,Punjab,1618879
22,Agra,Uttar Pradesh,1585704
23,Nashik,Maharashtra,1486053
24,Faridabad,Haryana,1414050
25,Meerut,Uttar Pradesh,1305429
26,Rajkot,Gujarat,1286678
27,Kalyan-Dombivali,Maharashtra,1247327
28,Vasai-Virar,Maharashtra,1222390
29,Varanasi,Uttar Pradesh,1198491
30,Srinagar,Jammu and Kashmir,1180570
31,Aurangabad,Maharashtra,1175116
32,Dhanbad,Jharkhand,1162472
33,Amritsar,Punjab,1132383
34,Navi Mumbai,Maharashtra,1120547
35,Prayagraj,Uttar Pradesh,1112544
36,Howrah,West Bengal,1077075
37,Ranchi,Jharkhand,1073427
38,Jabalpur,Madhya Pradesh,1055525
39,Gwalior,Madhya Pradesh,1054420
40,Coimbatore,Tamil Nadu,1050721
41,Vijayawada,Andhra Pradesh,1034358
42,Jodhpur,Rajasthan,1033756
43,Madurai,Tamil Nadu,1017865
44,Raipur,Chhattisgarh,1010433
45,Kota,Rajasthan,1001694
46,Guwahati,Assam,963429
47,Chandigarh,Chandigarh,960787
48,Solapur,Maharashtra,951118
49,Hubballi-Dharwad,Karnataka,943857
50,Tiruchirappalli[6],Tamil Nadu,916674
51,Tiruppur,Tamil Nadu,898167
52,Moradabad,Uttar Pradesh,889810
53,Mysore,Karnataka,887446
54,Bareilly,Uttar Pradesh,877778
55,Gurgaon,Haryana,876824
56,Aligarh,Uttar Pradesh,872575
57,Jalandhar,Punjab,862196
58,Bhubaneswar,Odisha,837737
59,Salem,Tamil Nadu,831038
60,Mira-Bhayandar,Maharashtra,814655
61,Warangal[7],Telangana,811844
62,Thiruvananthapuram,Kerala,752490
63,Guntur[8],Andhra Pradesh,743354
64,Bhiwandi,Maharashtra,711329
65,Saharanpur,Uttar Pradesh,703345
66,Gorakhpur,Uttar Pradesh,671048
67,Bikaner,Rajasthan,647804
68,Amravati,Maharashtra,646801
69,Noida,Uttar Pradesh,642381
70,Jamshedpur,Jharkhand,631364
71,Bhilai,Chhattisgarh,625697
72,Cuttack,Odisha,606007
73,Firozabad,Uttar Pradesh,603797
74,Kochi,Kerala,601574
75,Nellore[9],Andhra Pradesh,600869
76,Bhavnagar,Gujarat,593768
77,Dehradun,Uttarakhand,578420
78,Durgapur,West Bengal,566937
79,Asansol,West Bengal,564491
80,Rourkela,Odisha,552970
81,Nanded,Maharashtra,550564
82,Kolhapur,Maharashtra,549283
83,Ajmer,Rajasthan,542580
84,Akola,Maharashtra,537149
85,Gulbarga,Karnataka,532031
86,Jamnagar,Gujarat,529308
87,Ujjain,Madhya Pradesh,515215
88,Loni,Uttar Pradesh,512296
89,Siliguri,West Bengal,509709
90,Jhansi,Uttar Pradesh,507293
91,Ulhasnagar,Maharashtra,506937
92,Jammu,Jammu and Kashmir,503690
93,Sangli-Miraj & Kupwad,Maharashtra,502697
94,Mangalore,Karnataka,499486
95,Erode[10],Tamil Nadu,498129
96,Belgaum,Karnataka,488292
97,Ambattur,Tamil Nadu,478134
98,Tirunelveli,Tamil Nadu,473637
99,Malegaon,Maharashtra,471006
100,Gaya,Bihar,463454
101,Jalgaon,Maharashtra,460468
102,Udaipur,Rajasthan,451735
103,Maheshtala,West Bengal,449423
104,Davanagere,Karnataka,435128
105,Kozhikode,Kerala,432097
106,Kurnool,Andhra Pradesh,430214
107,Rajpur Sonarpur,West Bengal,423806
108,Rajahmundry[11][12],Andhra Pradesh,419818
109,Bokaro,Jharkhand,413934
110,South Dumdum,West Bengal,410524
111,Bellary,Karnataka,409644
112,Patiala,Punjab,405164
113,Gopalpur,West Bengal,404991
114,Agartala,Tripura,399688
115,Bhagalpur,Bihar,398138
116,Muzaffarnagar,Uttar Pradesh,392451
117,Bhatpara,West Bengal,390467
118,Panihati,West Bengal,383522
119,Latur,Maharashtra,382754
120,Dhule,Maharashtra,376093
121,Tirupati[13],Andhra Pradesh,374260
122,Rohtak,Haryana,373133
123,Korba,Chhattisgarh,363210
124,Bhilwara,Rajasthan,360009
125,Berhampur,Odisha,355823
126,Muzaffarpur,Bihar,351838
127,Ahmednagar,Maharashtra,350905
128,Mathura,Uttar Pradesh,349336
129,Kollam,Kerala,349033
130,Avadi,Tamil Nadu,344701
131,Kadapa,Andhra Pradesh,343054
132,Kamarhati,West Bengal,336579
133,Sambalpur,Odisha,335761
134,Bilaspur,Chhattisgarh,330106
135,Shahjahanpur,Uttar Pradesh,327975
136,Satara,Maharashtra,326789
137,Bijapur,Karnataka,326360
138,Rampur,Uttar Pradesh,325248
139,Shivamogga,Karnataka,322428
140,Chandrapur,Maharashtra,321036
141,Junagadh,Gujarat,320250
142,Thrissur,Kerala,315596
143,Alwar,Rajasthan,315310
144,Bardhaman,West Bengal,314638
145,Kulti,West Bengal,313977
146,Kakinada,Andhra Pradesh,325985
147,Nizamabad,Telangana,310467
148,Parbhani,Maharashtra,307191
149,Tumkur,Karnataka,305821
150,Khammam,Telangana,305000
151,Ozhukarai,Puducherry,300028
152,Bihar Sharif,Bihar,296889
153,Panipat,Haryana,294150
154,Darbhanga,Bihar,294116
155,Bally,West Bengal,291972
156,Aizawl,Mizoram,291822
157,Dewas,Madhya Pradesh,289438
158,Ichalkaranji,Maharashtra,287570
159,Karnal,Haryana,286974
160,Bathinda,Punjab,285813
161,Jalna,Maharashtra,285349
162,Eluru,Andhra Pradesh,"283,648[14]"
163,Kirari Suleman Nagar,Delhi,282598
164,Barasat,West Bengal,283443
165,Purnia,Bihar,280547
166,Satna,Madhya Pradesh,280248
167,Mau,Uttar Pradesh,279060
168,Sonipat,Haryana,277053
169,Farrukhabad,Uttar Pradesh,275750
170,Sagar,Madhya Pradesh,273357
171,Rourkela,Odisha,273217
172,Durg,Chhattisgarh,268679
173,Imphal,Manipur,264986
174,Ratlam,Madhya Pradesh,264810
175,Hapur,Uttar Pradesh,262801
176,Arrah,Bihar,261099
177,Karimnagar,Telangana,260899
178,Anantapur,Andhra Pradesh,261004
179,Etawah,Uttar Pradesh,256838
180,Ambernath,Maharashtra,254003
181,North Dumdum,West Bengal,253625
182,Bharatpur,Rajasthan,252109
183,Begusarai,Bihar,251136
184,New Delhi,Delhi,249998
185,Gandhidham,Gujarat,248705
186,Baranagar,West Bengal,248466
187,Tiruvottiyur,Tamil Nadu,248059
188,Puducherry,Puducherry,241773
189,Sikar,Rajasthan,237579
190,Thoothukudi,Tamil Nadu,237374
191,Rewa,Madhya Pradesh,235422
192,Mirzapur,Uttar Pradesh,233691
193,Raichur,Karnataka,232456
194,Pali,Rajasthan,229956
195,Ramagundam[16],Telangana,229644
196,Haridwar,Uttarakhand,228832
197,Vijayanagaram,Andhra Pradesh,228025
198,Katihar,Bihar,225982
199,Nagarcoil,Tamil Nadu,224849
200,Sri Ganganagar,Rajasthan,224773
201,Karawal Nagar,Delhi,224666
202,Mango,Jharkhand,223805
203,Thanjavur,Tamil Nadu,222943
204,Bulandshahr,Uttar Pradesh,222519
205,Uluberia,West Bengal,222240
206,Murwara,Uttar Pradesh,221883
207,Sambhal,Uttar Pradesh,220813
208,Singrauli,Madhya Pradesh,220257
209,Nadiad,Gujarat,218095
210,Secunderabad,Telangana,217910
211,Naihati,West Bengal,217900
212,Yamunanagar,Haryana,216677
213,Bidhan Nagar,West Bengal,215514
214,Pallavaram,Tamil Nadu,215417
215,Bidar,Karnataka,214373
216,Munger,Bihar,213303
217,Panchkula,Haryana,211355
218,Burhanpur,Madhya Pradesh,210886
219,Raurkela Industrial Township,Odisha,210317
220,Kharagpur,West Bengal,207604
221,Dindigul,Tamil Nadu,207327
222,Gandhinagar,Gujarat,206167
223,Hospet,Karnataka,206167
224,Nangloi Jat,Delhi,205596
225,Malda,West Bengal,205521
226,Ongole,Andhra Pradesh,204746
227,Deoghar,Jharkhand,203123
228,Chapra,Bihar,202352
229,Haldia,West Bengal,200827
230,Khandwa,Madhya Pradesh,200738
231,Nandyal,Andhra Pradesh,200516
232,Chittoor[17],Andhra Pradesh,189332
233,Morena,Madhya Pradesh,200482
234,Amroha,Uttar Pradesh,198471
235,Anand,Gujarat,198282
236,Bhind,Madhya Pradesh,197585
237,Bhalswa Jahangir Pur,Delhi,197148
238,Madhyamgram,West Bengal,196127
239,Bhiwani,Haryana,196057
240,Navi Mumbai Panvel Raigad,Maharashtra,195373
241,Baharampur,West Bengal,195223
242,Ambala,Haryana,195153
243,Morvi,Gujarat,194947
244,Fatehpur,Uttar Pradesh,193193
245,Rae Bareli,Uttar Pradesh,191316
246,Khora,Uttar Pradesh,190005
247,Bhusawal,Maharashtra,187421
248,Orai,Uttar Pradesh,187137
249,Bahraich,Uttar Pradesh,186223
250,Vellore,Tamil Nadu,185803
251,Mahesana,Gujarat,184991
252,Sambalpur,Orissa,184000
253,Raiganj,West Bengal,183612
254,Sirsa,Haryana,182534
255,Danapur,Bihar,182429
256,Serampore,West Bengal,181842
257,Sultan Pur Majra,Delhi,181554
258,Guna,Madhya Pradesh,180935
259,Jaunpur,Uttar Pradesh,180362
260,Panvel,Maharashtra,180020
261,Shivpuri,Madhya Pradesh,179977
262,Surendranagar Dudhrej,Gujarat,177851
263,Unnao,Uttar Pradesh,177658
264,Hugli and Chinsurah,West Bengal,177259
265,Alappuzha,Kerala,174164
266,Kottayam,Kerala,172878
267,Machilipatnam,Andhra Pradesh,169892
268,Shimla,Himachal Pradesh,169578
269,Adoni,Andhra Pradesh,166537
270,Tenali,Andhra Pradesh,164937
271,Proddatur,Andhra Pradesh,162717
272,Saharsa,Bihar,155175
273,Hindupur,Andhra Pradesh,151835
274,Sasaram,Bihar,147396
275,Hajipur,Bihar,147126
276,Bhimavaram,Andhra Pradesh,142280
277,Dehri,Bihar,137068
278,Madanapalle,Andhra Pradesh,135669
279,Siwan,Bihar,134458
280,Bettiah,Bihar,132896
281,Guntakal,Andhra Pradesh,126270
282,Srikakulam,Andhra Pradesh,125939
283,Motihari,Bihar,125183
284,Dharmavaram,Andhra Pradesh,121874
285,Gudivada,Andhra Pradesh,118167
286,Narasaraopet,Andhra Pradesh,116250
287,Bagaha,Bihar,113012
288,Miryalaguda,Telangana,109891
289,Tadipatri,Andhra Pradesh,108171
290,Kishanganj,Bihar,107076
291,Karaikudi,Tamil Nadu,106714
292,Suryapet,Telangana,105250
293,Jamalpur,Bihar,105221
294,Kavali,Andhra Pradesh,104000
295,Tadepalligudem,Andhra Pradesh,103906
296,Amaravati,Andhra Pradesh,103000
297,Buxar,Bihar,102591
298,Jehanabad,Bihar,102456
299,Aurangabad,Bihar,101520
300,Achhnera,Uttar Pradesh,22781
301,Adalaj,Gujarat,11957
302,Adoor,Kerala,29171
303,Adyar,Karnataka,7034
304,Adra,West Bengal,14956
305,Afzalpur,Karnataka,27088
306,Akot,Maharashtra,92637
307,Ghoti Budruk,Maharashtra,20212
308,Alipurduar,West Bengal,65232
309,Alirajpur,Madhya Pradesh,65232
310,Almora,Uttarakhand,34122
311,Aluva,Kerala,24110
312,Amalapuram,Andhra Pradesh,53231
313,Amalner,Maharashtra,95994
314,Amaravathi,Andhra Pradesh,13400
315,Ambejogai,Maharashtra,73975
316,Anakapalle,Andhra Pradesh,86519
317,Angul,Odisha,44390
318,Anjar,Gujarat,87183
319,Anjangaon,Maharashtra,56380
320,Ankleshwar,Gujarat,73928
321,Arakkonam,Tamil Nadu,78395
322,Araria,Bihar,79021
323,Arambagh,West Bengal,66175
324,Arsikere,Karnataka,51336
325,Aruppukkottai,Tamil Nadu,87722
326,Arvi,Maharashtra,42822
327,Arwal,Bihar,51849
328,Asarganj,Bihar,6327
329,Ashok Nagar,Madhya Pradesh,81828
330,Athni,Karnataka,45858
331,Attili,Andhra Pradesh,45858
332,Attingal,Kerala,37346
333,Avinissery,Kerala,16715
334,Badrinath,Uttarakhand,2438
335,Bagepalli,Karnataka,27011
336,Bageshwar,Uttarakhand,9079
337,Bagha Kusmar,Bihar,11380
338,Bajpur,Uttarakhand,25524
339,Balurghat,West Bengal,151416
340,Balangir,Odisha,98238
341,Bapatla,Andhra Pradesh,70777
342,Barauli,Bihar,41877
343,Barbil,Odisha,66540
344,Bargarh,Odisha,80625
345,Barbigha,Bihar,50080
346,Barh,Bihar,61470
347,Barahiya,Bihar,43032
348,Barkot,Uttarakhand,6720
349,Barpeta,Assam,42649
350,Bellampalle,Telangana,55841
351,Belonia,Tripura,19996
352,Bhabua,Bihar,50179
353,Bhadrachalam,Telangana,50087
354,Bhainsa,Telangana,49764
355,Bhatapara,Chhattisgarh,57537
356,Bhawanipatna,Odisha,69045
357,Bheemunipatnam,Andhra Pradesh,52110
358,Bhimtal,Uttarakhand,7722
359,Bhowali,Uttarakhand,6309
360,Bhusawar,Rajasthan,19980
361,Bhuvanagiri,Telangana,53339
362,Bindki,Uttar Pradesh,36926
363,Bobbili,Andhra Pradesh,56819
364,Bodhan,Telangana,77553
365,Bongaigaon City,Assam,67322
366,Buchireddypalem,Andhra Pradesh,28454
367,Budhlada,Punjab,26172
368,Byasanagar,Odisha,48911
369,Chadchan,Karnataka,15542
370,Chaibasa,Jharkhand,69565
371,Chakradharpur,Jharkhand,56531
372,Charkhi Dadri,Haryana,49985
373,Chatra,Jharkhand,49985
374,Chalakudy,Kerala,49525
375,Challakere,Karnataka,55194
376,Chamba,Uttarakhand,27771
377,Chamoli Gopeshwar,Uttarakhand,21447
378,Champawat,Uttarakhand,4801
379,Changanassery,Kerala,47685
380,Charkhari,Uttar Pradesh,27760
381,Charthaval,Uttar Pradesh,20653
382,Chengannur,Kerala,23456
383,Cooch Behar,West Bengal,79885
384,Cherthala,Kerala,45827
385,Chhapra,Gujarat,10147
386,Chidambaram,Tamil Nadu,62153
387,Chikkaballapur,Karnataka,63652
388,Chintamani,Karnataka,76068
389,Chirala,Andhra Pradesh,87200
390,Chirkunda,Jharkhand,45508
391,Chirmiri,Chhattisgarh,69307
392,Chandpara,West Bengal,7113
393,Chittur-Thathamangalam,Kerala,32298
394,Dalkhola,West Bengal,36930
395,Dalli-Rajhara,Chhattisgarh,44363
396,Dalsinghsarai,Bihar,55562
397,Daltonganj,Jharkhand,78396
398,Daudnagar,Bihar,52364
399,Degana,Rajasthan,34315
400,Devprayag,Uttarakhand,2152
401,Dhamtari,Chhattisgarh,82111
402,Dharchula,Uttarakhand,7039
403,Dharmanagar,Tripura,30785
404,Dhenkanal,Odisha,67414
405,Dhone,Andhra Pradesh,59272
406,Dhoraji,Gujarat,84545
407,Dhubri,Assam,63388
408,Dhuri,Punjab,55225
409,Didihat,Uttarakhand,6522
410,Dineshpur,Uttarakhand,11343
411,Diphu,Assam,61797
412,Dogadda,Uttarakhand,2422
413,Doiwala,Uttarakhand,8709
414,Dumka,Jharkhand,47584
415,Dumraon,Bihar,53618
416,Dwarahat,Uttarakhand,2749
417,Dildarnagar,Uttar Pradesh,29208
418,Ellenabad,Haryana,32795
419,Faridkot,Punjab,85435
420,Farooqnagar,Telangana,45675
421,Fatehabad,Haryana,70777
422,Fazilka,Punjab,76492
423,Forbesganj,Bihar,50475
424,Firozpur Cantonment,Punjab,53199
425,Faizabad,Uttar Pradesh,32905
426,Gadarpur,Uttarakhand,19301
427,Gadwal,Telangana,96877
428,Gangarampur,West Bengal,56175
429,Gangotri,Uttarakhand,95
430,Garhwa,Jharkhand,46059
431,Gavaravaram,Andhra Pradesh,10029
432,Ghumarwin,Himachal Pradesh,23430
433,Goalpara,Assam,53430
434,Gobichettipalayam,Tamil Nadu,59523
435,Gobindgarh,Punjab,73130
436,Gochar,Uttarakhand,8864
437,Gohana,Haryana,65708
438,Golaghat,Assam,41989
439,Gokak,Karnataka,79121
440,Gooty,Andhra Pradesh,48658
441,Gopalganj,Bihar,67339
442,Gowribidanur,Karnataka,37947
443,Gudur,Andhra Pradesh,60625
444,Guirim,Goa,6371
445,Gunupur,Odisha,60000
446,Gumia,Jharkhand,48141
447,Gurdaspur,Punjab,75549
448,Guruvayoor,Kerala,20510
449,Hansi,Haryana,86770
450,Herbertpur,Uttarakhand,9782
451,Himatnagar,Gujarat,81137
452,Itarsi,Madhya Pradesh,99329
453,Inkollu,Andhra Pradesh,19600
454,Ichgam,Jammu and Kashmir,7461
455,Islampur,West Bengal,54340
456,Jaggaiahpet,Andhra Pradesh,53530
457,Jagraon,Punjab,65240
458,Jagtial,Telangana,96470
459,Jalandhar Cantt.,Punjab,47845
460,Jammalamadugu,Andhra Pradesh,46069
461,Jamui,Bihar,87357
462,Jangaon,Telangana,52394
463,Jaspur,Uttarakhand,50523
464,Jatani,Odisha,55925
465,Jaynagar Majilpur,West Bengal,25922
466,Jhabrera,Uttarakhand,11186
467,Jhargram,West Bengal,61712
468,Jharsuguda,Odisha,97730
469,Jhumri Tilaiya,Jharkhand,87867
470,Jorhat,Assam,71782
471,Joshimath,Uttarakhand,16709
472,Junnardeo,Madhya Pradesh,22583
473,Kadi,Gujarat,73228
474,Kadiri,Andhra Pradesh,89429
475,Kagaznagar,Telangana,57583
476,Kailasahar,Tripura,20279
477,Kaladhungi,Uttarakhand,7611
478,Kaliaganj,West Bengal,53530
479,Kalimpong,West Bengal,42998
480,Kallakurichi,Tamil Nadu,52508
481,Kalpi,Uttar Pradesh,51670
482,Kamareddy,Telangana,80315
483,Kanigiri,Andhra Pradesh,37420
484,Kangeyam,Tamil nadu,32450
485,Kandukur,Andhra Pradesh,57246
486,Kanhangad,Kerala,73342
487,Kannur,Kerala,56823
488,Kapadvanj,Gujarat,49308
489,Karaikal,Puducherry,86838
490,Karimganj,Assam,56854
491,Karjat,Maharashtra,29663
492,Karnaprayag,Uttarakhand,8297
493,Karunagappally,Kerala,72634
494,Karur,Tamil Nadu,70980
495,Kasaragod,Kerala,54172
496,Kathua,Jammu and Kashmir,51991
497,Kavali,Andhra Pradesh,82336
498,Kayamkulam,Kerala,68634
499,Kedarnath,Uttarakhand,612
500,Kela Khera,Uttarakhand,10929
501,Kendrapara,Odisha,47006
502,Kendujhar,Odisha,60590
503,Keshod,Gujarat,76193
504,Khairthal,Rajasthan,38298
505,Khambhat,Gujarat,83715
506,Khanda,Haryana,12715
507,Kharar,Punjab,74460
508,Khatima,Uttarakhand,15093
509,Khowai,Tripura,18526
510,Kichha,Uttarakhand,41965
511,Kirtinagar,Uttarakhand,1517
512,Kodungallur,Kerala,33935
513,Kohima,Nagaland,99039
514,Kokrajhar,Assam,34193
515,Kora Jahanabad,Uttar Pradesh,26359
516,Koratla,Telangana,66504
517,Kot Kapura,Punjab,91979
518,Kotdwar,Uttarakhand,28859
519,Kothagudem,Telangana,79819
520,Kottayam,Kerala,55374
521,Kovvur,Andhra Pradesh,39667
522,Kulpahar,Uttar Pradesh,20096
523,Kunnamkulam,Kerala,54071
524,Kyathampalle,Telangana,32385
525,Kumarganj,Uttar Pradesh,3920
526,Lachhmangarh,Rajasthan,53392
527,Ladnu,Rajasthan,65575
528,Ladwa,Haryana,28887
529,Lahar,Madhya Pradesh,35674
530,Laharpur,Uttar Pradesh,61990
531,Lakheri,Rajasthan,29572
532,Lakhisarai,Bihar,99979
533,Laksar,Uttarakhand,21760
534,Lakshmeshwar,Karnataka,36754
535,Lal Gopalganj Nindaura,Uttar Pradesh,28288
536,Lalganj,Bihar,37000
537,Lalgudi,Tamil Nadu,23740
538,Lalganj,Uttar Pradesh,21142
539,Lalkuan,Uttarakhand,7644
540,Lalsot,Rajasthan,34363
541,Landhaura,Uttarakhand,18370
542,Lanka,Assam,36805
543,Lar,Uttar Pradesh,28307
544,Lathi,Gujarat,21173
545,Lilong,Manipur,22888
546,Limbdi,Gujarat,42769
547,Lingsugur,Karnataka,35411
548,Loha,Maharashtra,20148
549,Lohaghat,Uttarakhand,7926
550,Lohardaga,Jharkhand,24125
551,Lonar,Maharashtra,23416
552,Lonavla,Maharashtra,57698
553,Longowal,Punjab,23851
554,Losal,Rajasthan,28504
555,Lumding,Assam,31347
556,Lunawada,Gujarat,36954
557,Lunglei,Mizoram,57011
558,Macherla,Andhra Pradesh,49221
559,Maddur,Karnataka,26521
560,Madhepura,Bihar,45031
561,Madhubani,Bihar,66340
562,Madhugiri,Karnataka,26304
563,Madhupur,Jharkhand,47326
564,Madikeri,Karnataka,32496
565,Magadi,Karnataka,25031
566,Mahad,Maharashtra,24276
567,Mahalingapura,Karnataka,30858
568,Maharajganj,Bihar,20860
569,Maharajpur,Madhya Pradesh,21490
570,Mahasamund,Chhattisgarh,85650
571,Mahe,Puducherry,36828
572,Manendragarh,Chhattisgarh,30758
573,Mahendragarh,Haryana,24323
574,Mahnar Bazar,Bihar,37370
575,Mahua Dabra Haripura,Uttarakhand,7326
576,Mahua Kheraganj,Uttarakhand,12584
577,Maihar,Madhya Pradesh,34342
578,Mainaguri,West Bengal,27106
579,Makhdumpur,Bihar,30109
580,Makrana,Rajasthan,91853
581,Malda,West Bengal,23218
582,Malaj Khand,Madhya Pradesh,32296
583,Malavalli,Karnataka,35851
584,Malkangiri,Odisha,23114
585,Malkapur,Maharashtra,61012
586,Malout,Punjab,70765
587,Malpura,Rajasthan,27360
588,Malur,Karnataka,27815
589,Manachanallur,Tamil Nadu,25931
590,Manasa,Madhya Pradesh,22623
591,Manavadar,Gujarat,27563
592,Manawar,Madhya Pradesh,25467
593,Mandalgarh,Rajasthan,20169
594,Mandamarri,Telangana,66596
595,Mandapeta,Andhra Pradesh,47638
596,Mandawa,Rajasthan,20830
597,Mandi Dabwali,Haryana,53811
598,Mandideep,Madhya Pradesh,59654
599,Mandla,Madhya Pradesh,60542
600,Mandvi,Gujarat,42355
601,Maner Sharif,Bihar,30082
602,Mangaldoi,Assam,23920
603,Mangalvedhe,Maharashtra,21706
604,Manglaur,Uttarakhand,52971
605,Mangrol,Gujarat,56320
606,Mangrol,Rajasthan,21842
607,Mangrulpir,Maharashtra,27815
608,Manihari,Bihar,21803
609,Manjlegaon,Maharashtra,44029
610,Mankachar,Assam,28780
611,Manmad,Maharashtra,72401
612,Mansa,Punjab,72627
613,Mansa,Gujarat,27922
614,Manuguru,Telangana,32893
615,Manvi,Karnataka,37613
616,Manwath,Maharashtra,29218
617,Mapusa,Goa,40487
618,Margao,Goa,94383
619,Margherita,Assam,24049
620,Marhaura,Bihar,24548
621,Mariani,Assam,20997
622,Marigaon,Assam,20811
623,Markapur,Andhra Pradesh,58462
624,Masaurhi,Bihar,63248
625,Mathabhanga,West Bengal,21107
626,Mattannur,Kerala,47078
627,Mauganj,Madhya Pradesh,23024
628,Mavelikkara,Kerala,28439
629,Mavoor,Kerala,27845
630,Mayang Imphal,Manipur,20532
631,Medak,Telangana,41945
632,Metpally,Telangana,57715
633,Mahemdabad,Gujarat,30768
634,Memari,West Bengal,36207
635,Merta City,Rajasthan,40252
636,Mhaswad,Maharashtra,20500
637,Mhow Cantonment,Madhya Pradesh,92364
638,Mhowgaon,Madhya Pradesh,20523
639,Mihijam,Jharkhand,33236
640,Mirganj,Bihar,23576
641,Miryalaguda,Telangana,91359
642,Modasa,Gujarat,54135
643,Mokameh,Bihar,56615
644,Mokokchung,Nagaland,31214
645,Monoharpur,West Bengal,20846
646,"Morinda, India",Punjab,22635
647,Morshi,Maharashtra,33607
648,Motipur,Bihar,21957
649,Mount Abu,Rajasthan,22152
650,Mudalagi,Karnataka,29893
651,Mudabidri,Karnataka,25713
652,Muddebihal,Karnataka,28219
653,Mudhol,Karnataka,42461
654,Mukerian,Punjab,21384
655,Mukhed,Maharashtra,25933
656,Muktsar,Punjab,83655
657,Mul,Maharashtra,22330
658,Mulbagal,Karnataka,44033
659,Multai,Madhya Pradesh,21423
660,Mundi,Madhya Pradesh,30000
661,Mundargi,Karnataka,20363
662,Mungeli,Chhattisgarh,31613
663,Muni Ki Reti,Uttarakhand,10620
664,Murliganj,Bihar,22936
665,Murshidabad,West Bengal,36947
666,Murtijapur,Maharashtra,38554
667,Musabani,Jharkhand,33980
668,Mussoorie,Uttarakhand,30118
669,Muvattupuzha,Kerala,29246
670,Nabarangapur,Odisha,29960
671,Nabha,Punjab,67972
672,Nadbai,Rajasthan,26411
673,Nagar,Rajasthan,25572
674,Nagari,Andhra Pradesh,62253
675,Nagarkurnool,Telangana,26801
676,Nagina,Uttar Pradesh,95246
677,Nagla,Uttarakhand,22258
678,Nahan,Himachal Pradesh,28899
679,Naharlagun,Arunachal Pradesh,36158
680,Naidupet,Andhra Pradesh,65000
681,Naila Janjgir,Chhattisgarh,40561
682,Nainital,Uttarakhand,41377
683,Nainpur,Madhya Pradesh,22607
684,Najibabad,Uttar Pradesh,88535
685,Nakodar,Punjab,36973
686,Nakur,Uttar Pradesh,22712
687,Nalbari,Assam,27839
688,Namagiripettai,Tamil Nadu,21250
689,Namakkal,Tamil Nadu,55145
690,Nandaprayag,Uttarakhand,1641
691,Nandgaon,Maharashtra,11517
692,Nandivaram-Guduvancheri,Tamil Nadu,44098
693,Nandura,Maharashtra,42167
694,Nangal,Punjab,41172
695,Nanjangud,Karnataka,50598
696,Nanjikottai,Tamil Nadu,32689
697,Nanpara,Uttar Pradesh,48337
698,Narasapuram,Andhra Pradesh,58770
699,Naraura,Uttar Pradesh,22775
700,Narayanpet,Telangana,41752
701,Narendranagar,Uttarakhand,6049
702,Nargund,Karnataka,36291
703,Narkatiaganj,Bihar,49507
704,Narkhed,Maharashtra,21127
705,Narnaul,Haryana,74581
706,Narsinghgarh,Madhya Pradesh,6735
707,Narsinghgarh,Madhya Pradesh,32329
708,Narsipatnam,Andhra Pradesh,33757
709,Narwana,Haryana,62090
710,Nasirabad,Rajasthan,50804
711,Natham,Tamil Nadu,23660
712,Nathdwara,Rajasthan,42016
713,Naugachhia,Bihar,49069
714,Naugawan Sadat,Uttar Pradesh,32954
715,Naura,Punjab,7500
716,Nautanwa,Uttar Pradesh,33753
717,Navalgund,Karnataka,24613
718,Nawabganj,Uttar Pradesh,39241
719,Nawada,Bihar,98029
720,Nawanshahr,Punjab,46024
721,Nawapur,Maharashtra,34207
722,Nedumangad,Kerala,60161
723,Nedumbassery,Kerala,28607
724,Neem-Ka-Thana,Rajasthan,36231
725,Nehtaur,Uttar Pradesh,47834
726,Nelamangala,Karnataka,37232
727,Nellikuppam,Tamil Nadu,46678
728,Nepanagar,Madhya Pradesh,29682
729,Neyyattinkara,Kerala,70850
730,Nidadavole,Andhra Pradesh,43809
731,Nilanga,Maharashtra,36172
732,Nilambur,Kerala,46366
733,Nimbahera,Rajasthan,61949
734,Nirmal,Telangana,88433
735,Niwari,Madhya Pradesh,23724
736,Niwai,Rajasthan,9205
737,Nohar,Rajasthan,49835
738,Nokha,Bihar,27302
739,Nokha,Rajasthan,62699
740,Nongstoin,Meghalaya,28742
741,Noorpur,Uttar Pradesh,38806
742,North Lakhimpur,Assam,59814
743,Nowgong,Madhya Pradesh,40580
744,Nowrozabad (Khodargama),Madhya Pradesh,21883
745,Nuzvid,Andhra Pradesh,58590
746,O' Valley,Tamil Nadu,21943
747,Oddanchatram,Tamil Nadu,30064
748,Obra,Uttar Pradesh,14786
749,Ottappalam,Kerala,53792
750,Ozar,Maharashtra,51297
751,Owk,Andhra Pradesh,16677
752,P.N.Patti,Tamil Nadu,23331
753,Palampur,Himachal Pradesh,23331
754,Pachora,Maharashtra,45333
755,Pachore,Madhya Pradesh,20939
756,Pacode,Tamil Nadu,22781
757,Padmanabhapuram,Tamil Nadu,20075
758,Padra,Gujarat,39205
759,Padrauna,Uttar Pradesh,44383
760,Paithan,Maharashtra,34518
761,Pakaur,Jharkhand,36029
762,Palai,Kerala,22640
763,Palani,Tamil Nadu,67231
764,Palasa Kasibugga,Andhra Pradesh,49899
765,Palghar,Maharashtra,52677
766,Pali,Rajasthan,20942
767,Palia Kalan,Uttar Pradesh,35029
768,Palitana,Gujarat,51944
769,Palladam,Tamil Nadu,30016
770,Pallapatti,Tamil Nadu,24326
771,Pallikonda,Tamil Nadu,20771
772,Palwancha,Telangana,69088
773,Panagar,Madhya Pradesh,25199
774,Panagudi,Tamil Nadu,25501
775,Panaji*,Goa,99677
776,Panamattom,Kerala,10032
777,Panchla,West Bengal,22051
778,Pandharkaoda,Maharashtra,26572
779,Pandharpur,Maharashtra,91379
780,Pandhurna,Madhya Pradesh,40931
781,Pandua,West Bengal,27161
782,Panna,Madhya Pradesh,52057
783,Panniyannur,Kerala,20863
784,Panruti,Tamil Nadu,55346
785,Pappinisseri,Kerala,33273
786,Paradip,Odisha,73625
787,Paramakudi,Tamil Nadu,84321
788,Parangipettai,Tamil Nadu,20912
789,Parasi,Uttar Pradesh,21206
790,Paravoor,Kerala,38652
791,Pardi,Gujarat,25275
792,Parlakhemundi,Odisha,43097
793,Parli,Maharashtra,88537
794,Partur,Maharashtra,29012
795,Parvathipuram,Andhra Pradesh,49714
796,Pasan,Madhya Pradesh,29565
797,Paschim Punropara,West Bengal,31198
798,Pasighat,Arunachal Pradesh,21965
799,Pathanamthitta,Kerala,38009
800,Pathardi,Maharashtra,22827
801,Pathri,Maharashtra,32001
802,Pattran,Punjab,22175
803,Patratu,Jharkhand,32134
804,Pattamundai,Odisha,37527
805,Patti,Punjab,34444
806,Pattukkottai,Tamil Nadu,65533
807,Patur,Maharashtra,20538
808,Pauni,Maharashtra,22587
809,Pauri,Uttarakhand,25440
810,Payyanur,Kerala,72111
811,Pedana,Andhra Pradesh,29613
812,Peddapuram,Andhra Pradesh,45520
813,Pehowa,Haryana,33564
814,Pen,Maharashtra,30201
815,Perambalur,Tamil Nadu,37631
816,Peravurani,Tamil Nadu,21045
817,Peringathur,Kerala,37699
818,Perinthalmanna,Kerala,44612
819,Periyakulam,Tamil Nadu,42012
820,Periyasemur,Tamil Nadu,32024
821,Pernampattu,Tamil Nadu,41499
822,Perumbavoor,Kerala,26547
823,Petlad,Gujarat,51147
824,Phalodi,Rajasthan,44868
825,Phaltan,Maharashtra,50800
826,Phillaur,Punjab,22302
827,Phulabani,Odisha,33890
828,Phulera,Rajasthan,21643
829,Phulpur,Uttar Pradesh,20986
830,Pihani,Uttar Pradesh,27545
831,Piler,Andhra Pradesh,60253
832,Pilani,Rajasthan,40590
833,Pilibanga,Rajasthan,33608
834,Pilkhuwa,Uttar Pradesh,66907
835,Pindwara,Rajasthan,20765
836,Pipar City,Rajasthan,32735
837,Piro,Bihar,25811
838,Piriyapatna,Karnataka,14924
839,Pithampur,Madhya Pradesh,68080
840,Pithapuram,Andhra Pradesh,50103
841,Pithoragarh,Uttarakhand,56044
842,Polur,Tamil Nadu,25505
843,Ponnani,Kerala,87495
844,Ponneri,Tamil Nadu,24309
845,Ponnur,Andhra Pradesh,57640
846,Porsa,Madhya Pradesh,33103
847,Port Blair*,Andaman and Nicobar Islands,99984
848,Powayan,Uttar Pradesh,23406
849,Prantij,Rajasthan,22282
850,Pratapgarh,Rajasthan,35422
851,Pratapgarh,Tripura,26837
852,Prithvipur,Madhya Pradesh,22535
853,Pudupattinam,Tamil Nadu,20901
854,Pukhrayan,Uttar Pradesh,20107
855,Pulgaon,Maharashtra,36522
856,Puliyankudi,Tamil Nadu,66000
857,Punalur,Kerala,47235
858,Poonch,Jammu and Kashmir,40987
859,Punjaipugalur,Tamil Nadu,20309
860,Punganur,Andhra Pradesh,44314
861,Puranpur,Uttar Pradesh,37233
862,Purna,Maharashtra,33225
863,Purquazi,Uttar Pradesh,23599
864,Purwa,Uttar Pradesh,21271
865,Pusad,Maharashtra,67116
866,Puttur,Karnataka,48070
867,Puthuppally,Kerala,18850
868,Puttur,Andhra Pradesh,29436
869,Qadian,Punjab,21899
870,Koyilandy,Kerala,71873
871,Rabkavi Banhatti,Karnataka,70248
872,Radhanpur,Gujarat,32191
873,Rafiganj,Bihar,24992
874,Rajepur,Uttar Pradesh,8842
875,Raghogarh-Vijaypur,Madhya Pradesh,49173
876,Raghunathpur,West Bengal,21932
877,Rahatgarh,Madhya Pradesh,25215
878,Rahuri,Maharashtra,34476
879,Raikot,Punjab,24769
880,Rairangpur,Odisha,47294
881,Raisen,Madhya Pradesh,35702
882,Raisinghnagar,Rajasthan,27736
883,Rajagangapur,Odisha,43594
884,Rajakhera,Rajasthan,28349
885,Rajaldesar,Rajasthan,22836
886,Rajam,Andhra Pradesh,23424
887,Rajauri,Jammu and Kashmir,41552
888,Rajesultanpur,Uttar Pradesh,28890
889,Rajgarh (Alwar),Rajasthan,25009
890,Rajgarh (Churu),Rajasthan,51640
891,Rajgarh,Madhya Pradesh,23937
892,Rajgir,Bihar,33738
893,Rajpipla,Gujarat,34923
894,Rajpura,Punjab,82956
895,Rajsamand,Rajasthan,55687
896,Rajula,Gujarat,32395
897,Rajura,Maharashtra,25843
898,Ramachandrapuram,Andhra Pradesh,41370
899,Ramnagar,Uttarakhand,54787
900,Ramanagaram,Karnataka,79394
901,Ramanathapuram,Tamil Nadu,62050
902,Ramdurg,Karnataka,36649
903,Rameshwaram,Tamil Nadu,37968
904,Ramganj Mandi,Rajasthan,30973
905,Ramngarh,Rajasthan,28458
906,Ramnagar,Bihar,38554
907,Ramnagar,Uttarakhand,46205
908,Rampur Maniharan,Uttar Pradesh,24844
909,Rampura Phul,Punjab,44665
910,Rampurhat,West Bengal,50613
911,Ramtek,Maharashtra,22516
912,Ranavav,Gujarat,29645
913,Rangiya,Assam,25151
914,Rania,Haryana,20961
915,Ranibennur,Karnataka,89618
916,Rapar,Gujarat,23057
917,Rasipuram,Tamil Nadu,46330
918,Rasra,Uttar Pradesh,29238
919,Ratangarh,Rajasthan,63486
920,Rath,Uttar Pradesh,55950
921,Ratia,Haryana,23826
922,Ratnagiri,Maharashtra,70383
923,Rau,Madhya Pradesh,20855
924,Raver,Maharashtra,25993
925,Rawatbhata,Rajasthan,34690
926,Rawatsar,Rajasthan,28387
927,Raxaul Bazar,Bihar,41610
928,Rayachoti,Andhra Pradesh,72297
929,Rayadurg,Andhra Pradesh,54125
930,Rayagada,Odisha,57759
931,Reengus,Rajasthan,22932
932,Rehli,Madhya Pradesh,25890
933,Renigunta,Andhra Pradesh,23862
934,Renukoot,Uttar Pradesh,66597
935,Reoti,Uttar Pradesh,22082
936,Repalle,Andhra Pradesh,42539
937,Revelganj,Bihar,34042
938,Rishikesh,Uttarakhand,78805
939,Risod,Maharashtra,27516
940,Robertsganj,Uttar Pradesh,32243
941,Ron,Karnataka,21643
942,Rosera,Bihar,27492
943,Rudauli,Uttar Pradesh,36776
944,Rudraprayag,Uttarakhand,9313
945,Rudrapur,Uttar Pradesh,26683
946,Rupnagar,Punjab,49159
947,Sabalgarh,Madhya Pradesh,34039
948,Sadabad,Uttar Pradesh,31742
949,Sadasivpet,Telangana,36334
950,Sadri,Rajasthan,24413
951,Sadulshahar,Rajasthan,22326
952,Safidon,Haryana,27541
953,Safipur,Uttar Pradesh,22378
954,Sagara,Karnataka,50131
955,Sagwara,Rajasthan,31127
956,Sahaspur,Uttar Pradesh,22606
957,Sahaswan,Uttar Pradesh,58184
958,Sahawar,Uttar Pradesh,20470
959,Sahibganj,Jharkhand,80154
960,Sahjanwa,Uttar Pradesh,25107
961,Saidpur,Uttar Pradesh,21568
962,Saiha,Mizoram,19731
963,Sailu,Maharashtra,39851
964,Sainthia,West Bengal,44601
965,Sakaleshapura,Karnataka,23176
966,Sakti,Chhattisgarh,20213
967,Salaya,Gujarat,26875
968,Salur,Andhra Pradesh,48354
969,Salumbar,Rajasthan,16354
970,Samalkha,Haryana,29866
971,Samalkot,Andhra Pradesh,53602
972,Samana,Punjab,46592
973,Sambhar,Rajasthan,22293
974,Samdhan,Uttar Pradesh,25327
975,Samthar,Uttar Pradesh,20217
976,Sanand,Gujarat,32417
977,Sanawad,Madhya Pradesh,34114
978,Sanchore,Rajasthan,25884
979,Sanivarapupeta,Andhra Pradesh,8142
980,Sarsod,Haryana,4630
981,Sindagi,Karnataka,23234
982,Sandi,Uttar Pradesh,23234
983,Sandila,Uttar Pradesh,48899
984,Sanduru,Karnataka,27614
985,Sangamner,Maharashtra,61958
986,Sangareddy,Telangana,57113
987,Sangaria,Rajasthan,34537
988,Sangole,Maharashtra,28116
989,Sangrur,Punjab,77989
990,Sankarankovil,Tamil Nadu,70574
991,Sankagiri,Tamil Nadu,27454
992,Sankeshwara,Karnataka,32511
993,Sarangpur,Madhya Pradesh,32294
994,Sardarshahar,Rajasthan,81394
995,Sardhana,Uttar Pradesh,48314
996,Sarni,Madhya Pradesh,95012
997,Sarsawa,Uttar Pradesh,18596
998,Sasvad,Maharashtra,26689
999,Satana,Maharashtra,32561
1000,Sathyamangalam,Tamil Nadu,33722
1001,Satrampadu,Andhra Pradesh,6393
1002,Sattenapalle,Andhra Pradesh,51404
1003,Sattur,Tamil Nadu,31443
1004,Saunda,Jharkhand,85075
1005,Saundatti-Yellamma,Karnataka,38155
1006,Sausar,Madhya Pradesh,24312
1007,Savarkundla,Gujarat,73774
1008,Savanur,Karnataka,35563
1009,Savner,Maharashtra,26712
1010,Sawantwadi,Maharashtra,22901
1011,Sedam,Karnataka,31539
1012,Sehore,Madhya Pradesh,92518
1013,Sendhwa,Madhya Pradesh,48941
1014,Seohara,Uttar Pradesh,47575
1015,Seoni,Madhya Pradesh,89801
1016,Seoni-Malwa,Madhya Pradesh,26202
1017,Shahabad,Karnataka,66550
1018,"Shahabad, Hardoi",Uttar Pradesh,67751
1019,"Shahabad, Rampur",Uttar Pradesh,32370
1020,Shahade,Maharashtra,49696
1021,Shahbad,Haryana,37289
1022,Shahdol,Madhya Pradesh,78624
1023,Shahganj,Uttar Pradesh,24602
1024,Shahpur,Karnataka,38907
1025,Shahpura,Rajasthan,28174
1026,Shahpura,Rajasthan,27792
1027,Shajapur,Madhya Pradesh,57818
1028,Shaktigarh,Uttarakhand,6309
1029,Shamgarh,Madhya Pradesh,21507
1030,Shamli,Uttar Pradesh,90055
1031,"Shamsabad, Agra",Uttar Pradesh,27338
1032,"Shamsabad, Farrukhabad",Uttar Pradesh,23596
1033,Shegaon,Maharashtra,52423
1034,Sheikhpura,Bihar,43113
1035,Shendurjana,Maharashtra,21083
1036,Shenkottai,Tamil Nadu,26838
1037,Sheoganj,Rajasthan,24789
1038,Sheohar,Bihar,21262
1039,Sheopur,Madhya Pradesh,58342
1040,Sherghati,Bihar,32526
1041,Sherkot,Uttar Pradesh,52880
1042,Shiggaon,Karnataka,24327
1043,Shikaripur,Karnataka,31516
1044,"Shikarpur, Bulandshahr",Uttar Pradesh,33187
1045,Shikohabad,Uttar Pradesh,88161
1046,Shirdi,Maharashtra,26184
1047,Shirpur-Warwade,Maharashtra,61694
1048,Shirur,Maharashtra,26999
1049,Shishgarh,Uttar Pradesh,20684
1050,Sholavandan,Tamil Nadu,21638
1051,Sholingur,Tamil Nadu,26652
1052,Shoranur,Kerala,42029
1053,Surapura,Karnataka,43622
1054,Shrigonda,Maharashtra,26324
1055,Shrirampur,Maharashtra,88761
1056,Shrirangapattana,Karnataka,23729
1057,Shujalpur,Madhya Pradesh,42461
1058,Siana,Uttar Pradesh,38999
1059,Sibsagar,Assam,53854
1060,Siddipet,Telangana,61809
1061,Sidhi,Madhya Pradesh,54331
1062,Sidhpur,Gujarat,58194
1063,Sidlaghatta,Karnataka,41098
1064,Sihawa,Chhattisgarh,3359
1065,Sihor,Gujarat,46960
1066,Sihora,Madhya Pradesh,37870
1067,Sikanderpur,Uttar Pradesh,21783
1068,Sikandra Rao,Uttar Pradesh,37938
1069,Sikandrabad,Uttar Pradesh,69867
1070,Silao,Bihar,20177
1071,Silapathar,Assam,22516
1072,Sillod,Maharashtra,43867
1073,Silvassa*,Dadra and Nagar Haveli,21893
1074,Simdega,Jharkhand,33981
1075,Sindhagi,Karnataka,27732
1076,Sindhnur,Karnataka,61262
1077,Singhana,Rajasthan,11376
1078,Sinnar,Maharashtra,31630
1079,Sira,Karnataka,50088
1080,Sircilla,Telangana,65314
1081,Sirhind Fatehgarh Sahib,Punjab,49825
1082,Sirkali,Tamil Nadu,32228
1083,Sirohi,Rajasthan,35544
1084,Sironj,Madhya Pradesh,42179
1085,Sirsaganj,Uttar Pradesh,28212
1086,Sirsi,Karnataka,65335
1087,Sirsi,Uttar Pradesh,21373
1088,Siruguppa,Karnataka,42919
1089,Sitamarhi,Bihar,87279
1090,Sitarganj,Uttarakhand,29965
1091,Sivaganga,Tamil Nadu,40220
1092,Sivagiri,Tamil Nadu,20380
1093,Sohagpur,Madhya Pradesh,22339
1094,Sohna,Haryana,27570
1095,Sojat,Rajasthan,38883
1096,Solan,Himachal Pradesh,34206
1097,Sonamukhi,West Bengal,27354
1098,Sonepur,Bihar,33490
1099,Songadh,Gujarat,22431
1100,Sopore,Jammu and Kashmir,66963
1101,Soro,Odisha,27794
1102,Soron,Uttar Pradesh,26678
1103,Soyagaon,Maharashtra,21819
1104,Sri Madhopur,Rajasthan,51000
1105,Srikalahasti,Andhra Pradesh,70854
1106,"Srinagar, Uttarakhand",Uttarakhand,20115
1107,Srinivaspur,Karnataka,22959
1108,Srisailam (RFC) Township,Andhra Pradesh,23273
1109,Srirampore,West Bengal,19500
1110,Srivilliputhur,Tamil Nadu,73183
1111,Suar,Uttar Pradesh,26149
1112,Sugauli,Bihar,31432
1113,Sujangarh,Rajasthan,83846
1114,Sujanpur,Punjab,21815
1115,Sultanganj,Bihar,41958
1116,Sultanpur,Uttarakhand,9881
1117,Sullurpeta,Andhra Pradesh,75925
1118,Sumerpur,Rajasthan,31482
1119,Sumerpur,Uttar Pradesh,24661
1120,Sunabeda,Odisha,58884
1121,Sunam,Punjab,56251
1122,Sundargarh,Odisha,38421
1123,Sundarnagar,Himachal Pradesh,23986
1124,Supaul,Bihar,54085
1125,Surandai,Tamil Nadu,28146
1126,Suratgarh,Rajasthan,58119
1127,Suri,West Bengal,61806
1128,Suriyampalayam,Tamil Nadu,21923
1129,Suroth,Rajasthan,15000
1130,Thalassery,Kerala,95558
1131,Talbehat,Uttar Pradesh,12000
1132,Takhatgarh,Rajasthan,16729
1133,Taki,West Bengal,38263
1134,Talaja,Gujarat,27822
1135,Talcher,Odisha,40841
1136,Talegaon Dabhade,Maharashtra,56435
1137,Taliparamba,Kerala,44247
1138,Talode,Maharashtra,26363
1139,Talwara,Punjab,19485
1140,Tamluk,West Bengal,65306
1141,Tanakpur,Uttarakhand,17626
1142,Tanda,Uttar Pradesh,95516
1143,Tandur,Telangana,65115
1144,Tanuku,Andhra Pradesh,72348
1145,Tarakeswar,West Bengal,30947
1146,Tarana,Madhya Pradesh,24908
1147,Taranagar,Rajasthan,32640
1148,Taraori,Haryana,25944
1149,Tarbha,Odisha,8334
1150,Tarikere,Karnataka,35942
1151,Tarn Taran,Punjab,66847
1152,Tasgaon,Maharashtra,37945
1153,Tehri,Uttarakhand,24014
1154,Tekkalakote,Karnataka,26224
1155,Tenkasi,Tamil Nadu,70545
1156,Tenu dam-cum-Kathhara,Jharkhand,22080
1157,Terdal,Karnataka,26088
1158,Tezpur,Assam,58559
1159,Thakurdwara,Uttar Pradesh,44255
1160,Thammampatti,Tamil Nadu,21503
1161,Thana Bhawan,Uttar Pradesh,36669
1162,Thangadh,Gujarat,42351
1163,Tharad,Gujarat,27954
1164,Tharamangalam,Tamil Nadu,30222
1165,Tharangambadi,Tamil Nadu,23191
1166,Theni Allinagaram,Tamil Nadu,94453
1167,Thuvakudi,Tamil Nadu,38887
1168,Thirumangalam,Tamil Nadu,51194
1169,Thirupuvanam,Tamil Nadu,14989
1170,Thiruthuraipoondi,Tamil Nadu,24404
1171,Thiruvalla,Kerala,52883
1172,Thiruvallur,Tamil Nadu,56074
1173,Thiruvarur,Tamil Nadu,58301
1174,Thodupuzha,Kerala,52045
1175,Thoubal,Manipur,45947
1176,Thrippunithura,Kerala,61632
1177,Thrissur,Kerala,61632
1178,Thuraiyur,Tamil Nadu,32439
1179,Tikamgarh,Madhya Pradesh,79106
1180,Tilda Newra,Chhattisgarh,32331
1181,Tilhar,Uttar Pradesh,61444
1182,Talikota,Karnataka,31693
1183,Tindivanam,Tamil Nadu,72796
1184,Tinsukia,Assam,99448
1185,Tiptur,Karnataka,59543
1186,Tirora,Maharashtra,25181
1187,Tiruchendur,Tamil Nadu,32171
1188,Tiruchengode,Tamil Nadu,95335
1189,Tirukalukundram,Tamil Nadu,29391
1190,Tirukkoyilur,Tamil Nadu,30212
1191,Tirupathur,Tamil Nadu,25980
1192,Tirupathur,Tamil Nadu,64125
1193,Tiruppur,Tamil Nadu,64725
1194,Tirur,Kerala,56058
1195,Tiruttani,Tamil Nadu,44781
1196,Tiruvethipuram,Tamil Nadu,37802
1197,Tiruvuru,Andhra Pradesh,37802
1198,Tirwaganj,Uttar Pradesh,24082
1199,Titlagarh,Odisha,31258
1200,Tittakudi,Tamil Nadu,22894
1201,Todabhim,Rajasthan,22977
1202,Todaraisingh,Rajasthan,23559
1203,Tohana,Haryana,63871
1204,Tuensang,Nagaland,36774
1205,Tuljapur,Maharashtra,34011
1206,Tulsipur,Uttar Pradesh,24488
1207,Tumsar,Maharashtra,44869
1208,Tundla,Uttar Pradesh,50423
1209,Tuni,Andhra Pradesh,53425
1210,Tura,Meghalaya,74858
1211,Uchgaon,Maharashtra,31238
1212,Udaipur,Tripura,32758
1213,Udaipurwati,Rajasthan,29236
1214,Udhagamandalam,Tamil Nadu,88430
1215,Udhampur,Jammu and Kashmir,35507
1216,Udumalaipettai,Tamil Nadu,61133
1217,Ujhani,Uttar Pradesh,62039
1218,Umarga,Maharashtra,35477
1219,Umaria,Madhya Pradesh,33114
1220,Umarkhed,Maharashtra,47458
1221,Umargam,Gujarat,27859
1222,Umred,Maharashtra,53971
1223,Umreth,Gujarat,33762
1224,Una,Gujarat,58528
1225,Unjha,Gujarat,57108
1226,Unnamalaikadai,Tamil Nadu,23656
1227,Upleta,Gujarat,58775
1228,Uran,Maharashtra,30439
1229,Uran Islampur,Maharashtra,67391
1230,Uravakonda,Andhra Pradesh,35565
1231,Urmar Tanda,Punjab,23419
1232,Usilampatti,Tamil Nadu,35219
1233,Uthamapalayam,Tamil Nadu,29050
1234,Uthiramerur,Tamil Nadu,25194
1235,Utraula,Uttar Pradesh,32145
1236,Uttarkashi,Uttarakhand,17475
1237,Vadakkuvalliyur,Tamil Nadu,29417
1238,Vadalur,Tamil Nadu,39514
1239,Vadgaon Kasba,Maharashtra,25651
1240,vasudevanallur,Tamil Nadu,23350
1241,Vadnagar,Gujarat,27790
1242,Vaijapur,Maharashtra,41296
1243,Vaikom,Kerala,23234
1244,Valparai,Tamil Nadu,70859
1245,Vandavasi,Tamil Nadu,31320
1246,Vaniyambadi,Tamil Nadu,95061
1247,Vapi,Gujarat,34162
1248,Varandarappilly,Kerala,27343
1249,Varkala,Kerala,40728
1250,"Vasco da Gama, Goa",Goa,99999
1251,Vatakara,Kerala,75295
1252,Vedaranyam,Tamil Nadu,34266
1253,Vellakoil,Tamil Nadu,40359
1254,Venkatagiri,Andhra Pradesh,51708
1255,"Vijainagar, Ajmer",Rajasthan,32124
1256,Vijapur,Gujarat,25558
1257,Vijaypur,Madhya Pradesh,16964
1258,Vijayapura,Karnataka,34866
1259,Vikarabad,Telangana,53143
1260,Vikasnagar,Uttarakhand,13927
1261,Vikramasingapuram,Tamil Nadu,47241
1262,Viluppuram,Tamil Nadu,96253
1263,Vinukonda,Andhra Pradesh,59725
1264,Viramgam,Gujarat,55821
1265,Virudhachalam,Tamil Nadu,73585
1266,Virudhunagar,Tamil Nadu,72296
1267,Visnagar,Gujarat,63073
1268,Viswanatham,Tamil Nadu,25555
1269,Vita,Maharashtra,48289
1270,Vrindavan,Uttar Pradesh,63005
1271,Vuyyuru,Andhra Pradesh,46689
1272,Vyara,Gujarat,39789
1273,Wadgaon Road,Maharashtra,40884
1274,Wadhwan,Gujarat,75755
1275,Wadi,Karnataka,37988
1276,Wai,Maharashtra,36025
1277,Wanaparthy,Telangana,60949
1278,Wani,Maharashtra,58840
1279,Wankaner,Gujarat,43881
1280,Wara Seoni,Madhya Pradesh,25103
1281,Warhapur,Uttar Pradesh,23456
1282,Warisaliganj,Bihar,34056
1283,Warora,Maharashtra,46532
1284,Warud,Maharashtra,6386
1285,Washim,Maharashtra,78387
1286,Wokha,Nagaland,35004
1287,Yadgir,Karnataka,74294
1288,Yanam,Puducherry,55626
1289,Yawal,Maharashtra,36706
1290,Yellandu,Telangana,33732
1291,Yemmiganur,Andhra Pradesh,95149
1292,Yerraguntla,Andhra Pradesh,32574
1293,Yevla,Maharashtra,49826
1294,Zaidpur,Uttar Pradesh,34443
1295,Zamania,Uttar Pradesh,33243
1296,Zira,Punjab,36732
1297,Zirakpur,Punjab,95553
1298,Zunheboto,Nagaland,37447
